id,First_name,Last_name,Title,Pronouns,Date_of_birth,Balance,Overdraft ,Occupation
1,Walt,Sellner,Ms,Male,27/9/1960,903,863,Structural Engineer
2,Silvanus,Bosche,Mr,Male,18/8/1946,3114,399,Paralegal
3,Maude,Lewsley,Honorable,Female,6/6/1955,5821,62,Civil Engineer
4,Gabbie,Harsent,Ms,Female,11/9/1967,4893,917,Computer Systems Analyst I
5,Harlene,Deniso,Mrs,Female,19/7/1991,6232,324,Account Executive
6,Erwin,Syratt,Mr,Male,27/11/1960,3909,450,Statistician IV
7,Bessy,Maginot,Mr,Female,9/5/1964,2764,964,Analog Circuit Design manager
8,Elwyn,Belcham,Mrs,Male,23/2/1984,7149,135,Librarian
9,Ilsa,Enderby,Rev,Female,30/10/1969,1783,539,Help Desk Technician
10,Marjy,Reddle,Rev,Female,28/1/1993,7956,296,Teacher
11,Broddy,Wickstead,Dr,Male,26/9/1955,6962,434,Business Systems Development Analyst
12,Cletis,Mc Caughan,Mr,Male,9/6/1971,4892,523,Budget/Accounting Analyst I
13,Caroline,Leupold,Mrs,Female,31/12/1944,2528,171,Actuary
14,Nev,Rubertis,Rev,Male,22/5/1974,2531,375,Assistant Manager
15,Marris,Mars,Mrs,Female,8/5/1957,2966,812,Accountant III
16,Tracey,Gardner,Rev,Female,11/9/1958,7971,492,Developer III
17,Tadd,Toyne,Honorable,Male,16/9/1987,85,165,Senior Sales Associate
18,Frederik,Gallihawk,Mrs,Male,26/5/1987,4105,419,Professor
19,Shanta,Marian,Mrs,Female,13/6/1955,4551,479,Quality Control Specialist
20,Gaven,Scott,Dr,Male,10/11/1977,2729,285,Food Chemist
21,Margaret,Jouanny,Dr,Female,28/8/2002,8137,128,Legal Assistant
22,Grata,Avison,Mr,Female,18/3/1969,7413,273,Analyst Programmer
23,Tracy,Ech,Dr,Male,9/10/1990,2231,166,Staff Accountant II
24,Hermie,Brimmicombe,Ms,Male,23/12/1973,4234,538,VP Quality Control
25,Howey,Heeley,Rev,Male,18/9/1941,3994,361,Research Nurse
26,Vail,Peye,Ms,Male,10/12/1958,3690,471,Recruiter
27,Enriqueta,Andriulis,Rev,Female,23/5/1985,3098,201,Computer Systems Analyst III
28,Casar,McFadin,Ms,Male,25/8/1990,4327,291,Analyst Programmer
29,Anton,Silverlock,Mrs,Male,30/11/1971,7165,795,Design Engineer
30,Rolf,Spilstead,Rev,Male,1/12/1939,5358,909,Administrative Officer
31,Man,Boyall,Mrs,Male,26/9/1948,4946,558,Nurse
32,Vickie,Flea,Honorable,Female,20/3/1967,1972,857,Librarian
33,Tera,Lennarde,Dr,Female,19/5/1952,3193,157,Internal Auditor
34,Nobe,Beckley,Mrs,Male,16/12/1931,2223,859,Structural Analysis Engineer
35,Lay,Goalby,Mr,Male,20/11/1943,9568,578,Senior Financial Analyst
36,Arley,Jorioz,Mrs,Male,4/5/2001,2089,328,Assistant Professor
37,Costanza,Teesdale,Mrs,Female,3/5/1998,2815,660,Physical Therapy Assistant
38,Waneta,Lanfare,Mr,Female,4/5/1985,5418,447,Safety Technician IV
39,Odilia,Berriball,Mr,Non-binary,10/2/1940,2285,564,Geologist I
40,Halie,Etherton,Ms,Female,17/8/1973,3334,548,Administrative Officer
41,Bili,MacAllen,Dr,Female,31/12/1957,7646,770,Staff Scientist
42,Sheelah,Fagence,Mr,Female,3/7/1959,3101,428,Executive Secretary
43,Urbain,Ikringill,Ms,Male,12/9/1987,2808,160,Project Manager
44,Normand,Norfolk,Rev,Genderqueer,27/2/1939,7511,495,Accounting Assistant II
45,Timothy,Quest,Mrs,Male,25/3/1946,6202,701,Information Systems Manager
46,Gwyneth,Hatherall,Rev,Female,1/7/1931,8780,185,Marketing Assistant
47,Galina,Haton,Honorable,Female,17/7/1960,6981,580,Computer Systems Analyst II
48,Clay,Sawl,Mrs,Male,2/11/1974,4409,405,Assistant Media Planner
49,Currey,Balog,Ms,Male,17/7/1990,4292,312,Tax Accountant
50,Randell,Justice,Mrs,Male,17/6/1951,9895,201,Systems Administrator I
51,Maxy,Coslett,Honorable,Male,27/10/1933,982,595,Electrical Engineer
52,Roxanna,Rumble,Mr,Female,31/12/1963,9228,524,Business Systems Development Analyst
53,Georgetta,Lamminam,Rev,Female,25/3/1979,4805,592,Nurse
54,Alain,Recher,Mrs,Male,13/8/1970,8977,500,Executive Secretary
55,Gabrila,Akram,Mr,Female,27/7/1963,4794,184,Recruiting Manager
56,Zach,Brand-Hardy,Mr,Non-binary,6/11/1966,6986,449,Social Worker
57,Nancie,Bestall,Ms,Female,26/7/1994,1761,601,Human Resources Assistant II
58,Marissa,Plumridge,Ms,Female,15/8/1936,7387,608,Accountant IV
59,Mickie,MacNess,Mrs,Male,10/1/1935,4859,309,VP Product Management
60,Kelcey,Stit,Dr,Female,23/6/1951,2975,541,Financial Analyst
61,Zorana,Chern,Ms,Female,1/2/1931,9461,53,Analyst Programmer
62,Fidelia,Yallowley,Ms,Female,10/1/1958,2376,384,Computer Systems Analyst II
63,Edgar,Cass,Mr,Male,19/6/1935,1776,512,Speech Pathologist
64,Allison,Parmeter,Honorable,Female,1/4/1978,6871,153,Systems Administrator I
65,Hans,Duham,Rev,Male,29/4/1937,848,736,Registered Nurse
66,Birgit,Collidge,Mrs,Female,17/7/1986,1871,864,Environmental Tech
67,Iorgos,Napoli,Ms,Male,27/1/1954,2220,726,Payment Adjustment Coordinator
68,Brody,Campbell-Dunlop,Rev,Non-binary,16/12/1981,1592,229,Editor
69,Lacie,Langhor,Mrs,Genderqueer,16/3/1989,7905,444,Statistician IV
70,Melvin,Matusevich,Dr,Male,7/8/1970,5657,83,VP Quality Control
71,Dalis,Keegan,Honorable,Male,3/9/1977,1433,952,Registered Nurse
72,Jodi,Lightbowne,Mrs,Male,20/6/1992,8830,902,Nurse
73,Dillie,Varvell,Mr,Male,18/4/2001,371,698,VP Sales
74,Joelynn,Heighway,Mrs,Female,13/7/1946,1215,165,Compensation Analyst
75,Danika,Arnaldy,Honorable,Female,14/9/1975,337,133,Assistant Manager
76,Eydie,Fike,Ms,Agender,1/8/1944,1583,839,Data Coordiator
77,Hetti,Lattka,Dr,Female,4/1/1978,8917,324,VP Quality Control
78,Shep,Samarth,Mr,Male,7/3/1971,6765,231,Community Outreach Specialist
79,Eadie,Lillyman,Mr,Female,12/8/1971,9047,675,Junior Executive
80,Elnore,Brooksbank,Rev,Female,3/6/1958,5439,197,Compensation Analyst
81,Oliver,Mizzen,Mr,Male,25/5/1990,2181,998,Software Consultant
82,Elmore,Mulvin,Honorable,Male,7/1/1992,163,548,Nuclear Power Engineer
83,Emma,Ludy,Mr,Female,11/7/1986,4906,399,Web Designer II
84,Roseanne,Woodrup,Rev,Female,26/8/1964,2726,637,Web Designer III
85,Florri,Seagood,Mrs,Female,18/6/1954,7630,440,Social Worker
86,Julia,Grimwood,Honorable,Female,2/3/2005,5151,524,Software Engineer I
87,Emmanuel,Comelli,Dr,Genderfluid,2/1/1936,1288,967,Human Resources Manager
88,Bernelle,Zebedee,Mrs,Female,14/9/1972,8013,864,Paralegal
89,Everett,Van den Bosch,Honorable,Male,3/3/1932,2825,710,Nurse
90,Valdemar,Griffitts,Rev,Male,28/4/1996,6857,231,Software Consultant
91,Corey,Hallifax,Honorable,Female,12/9/1994,433,648,Dental Hygienist
92,Maxie,Vivers,Rev,Male,20/4/1990,1628,936,Senior Editor
93,Normie,Trounson,Honorable,Male,17/2/1991,8755,131,Web Designer IV
94,Gardiner,Chasmar,Mrs,Male,15/10/1949,4799,839,Librarian
95,Osmund,Le Gallo,Mr,Male,11/3/1957,9895,778,Quality Engineer
96,Corine,Wrennall,Mrs,Female,23/6/1933,9510,357,Executive Secretary
97,Sergent,Lindell,Ms,Male,24/11/1976,1850,261,Accounting Assistant IV
98,Antonius,Shelley,Rev,Male,22/11/1952,2461,762,Product Engineer
99,Grannie,Grimmer,Honorable,Agender,6/2/1992,7447,143,Social Worker
100,Katharina,Baroux,Mrs,Female,30/11/1956,7966,371,Staff Accountant IV
